Text Length,1,2,3,4,5,6,7,8,9,10,11,12,13,14,15,16,17,18,19,20,21,22,23,24
2,1,1,1,1,1,1,1,1,1,1,1,1,1,1,1,1,1,1,1,1,1,1,1,1
3,2,2,2,2,2,2,2,2,2,2,2,2,2,2,2,2,2,2,2,2,2,2,2,2
4,3,3,3,3,3,3,3,3,3,3,3,3,3,3,3,3,3,3,3,3,3,3,3,3
5,4,4,4,4,4,4,4,4,4,4,4,4,4,4,4,4,4,4,4,4,4,4,4,4
6,5,5,5,5,5,5,5,5,5,5,5,5,5,5,5,5,5,5,5,5,5,5,5,5
7,6,6,6,6,6,6,6,6,6,6,6,6,6,6,6,6,6,6,6,6,6,6,6,6
8,7,7,7,7,7,7,7,7,7,7,7,7,7,7,7,7,7,7,7,7,7,7,7,7
9,8,8,8,8,8,8,8,8,8,8,8,8,8,8,8,8,8,8,8,8,8,8,8,8
10,8,9,9,9,9,9,9,9,9,9,9,9,9,9,9,9,9,9,9,9,9,9,9,9
11,9,9,10,10,10,10,10,10,10,10,10,10,10,10,10,10,10,10,10,10,10,10,10,10
12,10,10,11,11,11,11,11,11,11,11,11,11,11,11,11,11,11,11,11,11,11,11,11,11
13,11,11,11,12,12,12,12,12,12,12,12,12,12,12,12,12,12,12,12,12,12,12,12,12
14,12,12,12,13,12,12,13,13,13,13,13,13,13,13,13,13,13,13,13,13,13,13,13,13
15,13,13,13,13,13,13,14,14,14,14,14,14,13,14,14,14,14,14,14,14,14,14,14,14
16,14,14,14,14,14,14,14,15,14,14,14,14,15,15,15,14,15,15,15,15,15,15,15,15
17,15,15,15,15,15,15,15,15,15,15,15,15,15,15,16,15,15,15,15,16,16,16,15,16
18,16,16,16,16,16,16,16,16,16,16,16,16,16,16,16,16,16,16,16,17,17,16,16,17
19,16,17,17,17,17,17,17,17,17,17,17,17,17,17,17,17,17,17,17,17,18,17,17,18
20,17,18,18,18,18,18,18,18,18,18,18,18,18,18,18,18,18,18,18,18,18,18,18,18
21,18,19,19,19,19,19,19,19,19,19,19,19,19,19,20,19,20,19,19,20,19,19,20,19
22,19,20,20,20,20,20,20,20,20,20,20,20,20,20,20,20,20,20,20,20,20,20,20,20
23,19,20,21,21,21,21,21,21,21,21,21,21,21,21,21,21,21,21,21,21,21,21,21,21
24,20,21,22,22,22,22,22,22,22,22,22,22,22,22,22,22,22,22,22,22,22,22,22,22
25,21,22,22,23,23,23,23,23,23,23,23,23,23,23,23,23,23,23,23,23,23,23,23,23
26,23,23,23,24,24,24,24,24,24,24,24,24,24,24,24,24,24,24,24,24,24,24,24,24
27,22,24,24,25,24,25,25,25,25,25,25,25,25,25,25,25,25,25,25,25,25,25,25,25
28,24,24,25,25,25,26,26,26,26,26,26,26,26,26,26,26,26,26,26,26,26,26,26,26
29,25,26,26,26,27,27,27,27,27,27,27,27,27,27,27,27,27,27,27,27,27,27,27,27
30,25,26,27,27,28,27,28,28,28,28,28,28,28,28,28,28,28,28,28,28,28,28,28,28
31,26,27,28,28,28,28,29,29,29,29,29,29,29,29,29,29,29,29,29,29,29,29,29,29
32,27,28,29,29,30,30,30,30,30,30,30,30,30,30,30,30,30,30,30,30,30,30,30,30
33,28,29,30,30,30,30,30,31,31,31,31,31,31,31,31,31,31,31,31,31,31,31,31,31
34,29,30,31,31,31,31,32,32,32,32,32,32,32,32,32,32,32,32,32,32,32,32,32,32
35,30,31,32,32,32,33,33,33,33,33,33,33,33,33,33,33,33,33,33,33,33,33,33,33
36,30,32,33,33,33,34,33,34,34,34,34,34,34,34,34,34,34,34,34,34,34,34,34,34
37,31,33,34,34,34,34,34,34,34,35,35,35,35,35,35,35,35,35,35,35,35,35,35,35
38,32,34,35,35,35,35,35,35,36,36,36,36,36,36,36,36,36,36,36,36,36,36,36,36
39,33,34,36,36,36,36,37,36,37,37,37,37,37,37,37,37,37,37,37,37,37,37,37,37
40,34,36,37,37,37,37,38,37,38,38,38,38,38,38,38,38,38,38,38,38,38,38,38,38
41,35,36,38,38,38,38,38,38,39,38,39,39,39,39,39,39,39,39,39,39,39,39,39,39
42,35,38,38,39,39,39,39,39,40,40,40,40,40,40,40,40,40,40,40,40,40,40,40,40
43,36,38,39,39,40,40,40,40,40,41,41,40,41,41,41,41,41,41,41,41,41,41,41,41
44,37,39,40,40,41,41,41,41,41,42,42,42,42,42,42,42,42,42,42,42,42,42,42,42
45,38,40,41,41,41,42,42,42,42,42,42,43,42,42,43,43,43,43,43,43,43,43,43,43
46,38,41,41,42,43,43,43,43,43,44,44,44,44,44,44,44,44,44,44,44,44,44,44,44
47,39,41,43,43,43,44,44,44,44,44,44,44,44,44,44,45,45,45,45,45,45,45,45,45
48,40,42,44,45,45,45,45,45,45,45,45,45,46,46,46,46,46,46,46,46,46,46,46,46
49,40,43,45,45,46,46,46,46,47,46,46,47,47,47,47,47,47,47,47,47,47,47,47,47
50,41,45,46,46,46,46,47,47,47,48,47,47,48,47,48,48,47,48,48,48,48,48,48,47
51,43,45,47,47,48,48,48,48,48,48,48,49,48,48,49,49,49,49,49,49,49,49,49,49
52,43,46,48,48,49,49,49,49,49,49,49,49,50,50,50,50,50,50,50,50,50,50,50,50
53,45,47,48,49,50,50,50,50,50,50,50,50,50,51,50,51,51,51,50,51,51,51,50,51
54,47,49,50,50,51,51,51,51,51,51,51,52,51,52,52,52,52,51,52,52,52,51,52,52
55,46,49,50,51,52,52,52,52,52,52,52,52,52,52,52,53,52,52,52,52,52,52,52,52
56,47,50,51,52,52,53,53,53,53,53,53,53,53,53,54,53,53,53,53,53,53,53,53,53
57,48,50,51,53,53,53,54,53,54,54,54,54,54,54,54,54,54,54,54,54,54,54,54,54
58,49,51,53,54,54,55,54,54,54,55,55,55,55,55,55,55,55,55,55,55,54,55,55,55
59,49,52,54,55,55,55,56,56,56,56,56,56,55,56,56,55,56,55,55,56,56,56,56,56
60,50,53,54,55,56,56,56,57,57,57,56,56,56,57,57,57,57,56,57,56,57,56,56,57
61,50,54,55,56,57,57,57,57,57,57,57,57,57,57,57,57,57,57,57,58,57,57,57,57
62,50,55,57,57,58,58,58,58,58,58,58,58,58,58,58,58,58,58,58,58,58,58,58,58
63,53,57,57,58,59,59,59,59,59,59,59,59,59,59,59,59,59,59,59,59,59,59,59,60
64,53,58,58,59,60,60,60,60,60,60,59,60,60,60,60,60,60,60,60,60,60,60,60,61
65,54,58,59,60,61,61,61,61,60,60,60,60,61,60,61,61,61,61,61,61,61,61,61,62
66,55,58,61,61,62,62,62,61,62,61,61,61,62,62,62,62,62,62,62,62,62,62,62,62
67,55,59,61,62,63,62,62,62,62,63,62,62,63,62,63,63,63,63,63,63,63,63,63,63
68,56,60,62,63,63,63,63,63,63,63,63,63,64,64,63,64,64,64,64,64,64,64,64,64
69,57,61,63,64,64,64,64,64,64,64,64,64,64,65,65,65,65,65,65,65,65,65,65,65
70,58,62,64,65,65,65,65,65,65,66,65,66,65,66,65,66,66,66,66,66,66,66,66,66
71,58,63,65,66,66,66,66,65,66,66,66,66,67,67,67,66,67,66,67,67,67,67,67,67
72,59,64,66,67,67,67,67,66,67,67,67,67,67,67,68,67,67,68,68,68,68,68,68,68
73,60,65,67,68,68,68,68,68,67,68,68,68,68,68,68,68,69,69,69,69,69,69,69,69
74,62,66,68,69,69,68,68,68,68,69,69,69,69,69,70,70,70,70,70,70,70,70,70,70
75,62,67,68,70,70,69,69,69,70,69,70,70,70,70,70,70,70,71,71,71,71,71,71,71
76,62,67,69,70,70,70,70,70,70,70,71,71,71,71,71,72,72,72,72,72,72,72,72,72
77,64,69,71,71,71,71,71,71,71,72,72,72,72,73,72,72,72,72,72,73,73,73,73,73
78,63,70,71,72,72,72,71,72,72,72,72,72,73,73,73,73,73,73,74,73,74,74,74,74
79,66,71,73,73,73,73,73,73,73,74,74,74,74,74,75,74,75,75,75,74,75,75,75,75
80,66,71,73,74,74,73,74,74,74,74,74,75,75,75,75,76,75,75,76,76,76,76,76,76
81,66,72,74,74,74,74,75,75,75,75,75,76,76,76,76,76,76,77,76,77,77,77,77,76
82,69,73,75,76,75,75,75,76,76,77,76,77,77,77,77,77,77,77,78,78,78,78,78,78
83,68,73,76,77,76,76,76,77,76,77,77,78,78,78,78,78,78,78,78,79,79,79,79,79
84,69,75,77,78,77,77,77,78,78,78,78,78,78,79,79,79,79,80,79,80,80,79,79,79
85,69,75,78,78,78,77,78,79,79,79,79,80,80,80,80,80,80,80,80,80,81,80,81,81
86,71,77,79,79,78,79,79,80,80,80,80,80,81,81,81,81,81,81,81,81,81,82,81,82
87,72,77,80,80,79,80,80,80,81,81,81,82,81,82,82,82,82,82,82,82,82,82,82,82
88,73,79,81,81,80,80,81,81,81,82,82,82,83,83,83,83,83,83,83,83,83,83,83,83
89,74,81,82,82,81,82,82,83,83,83,83,84,84,84,84,84,83,84,84,84,84,84,84,84
90,74,80,83,83,81,83,83,83,83,84,84,84,84,84,84,84,85,84,84,84,84,85,85,85
91,74,81,84,84,83,84,83,84,85,85,85,85,85,86,85,85,86,85,85,85,85,85,86,85
92,75,82,85,84,84,84,85,84,86,85,86,86,86,86,86,86,86,87,86,86,86,86,86,87
93,76,83,85,85,84,84,85,86,86,86,87,87,87,87,87,87,87,87,87,87,87,87,87,88
94,78,85,86,87,85,86,87,87,88,88,87,88,88,88,88,88,88,88,88,88,88,88,88,89
95,78,85,87,86,87,87,88,88,89,88,89,89,89,89,89,89,89,89,89,89,90,89,89,89
96,77,85,88,87,87,88,88,89,89,90,90,89,90,90,89,89,89,90,90,90,90,90,91,91
97,78,85,88,89,88,88,90,90,91,90,91,90,91,90,90,90,91,91,90,91,91,91,91,91
98,79,87,91,89,88,90,90,91,91,92,92,91,91,91,91,91,92,92,92,92,92,93,92,92
99,81,89,91,90,90,91,91,92,92,92,93,92,92,93,92,92,92,92,93,93,92,92,93,93
100,82,89,92,90,90,91,92,92,93,93,93,93,93,92,93,94,94,93,94,93,94,94,94,94
101,82,89,91,91,92,92,93,94,94,94,93,93,94,94,94,94,94,94,95,95,95,95,95,95
102,84,91,94,93,93,95,95,95,95,95,95,95,95,94,95,95,95,95,96,95,96,97,96,96
103,84,92,94,94,93,94,95,95,96,95,96,96,96,96,95,96,96,96,96,97,97,97,97,97
104,84,94,94,95,94,96,97,97,97,96,96,96,96,97,97,96,97,97,98,98,98,98,98,98
105,84,92,96,94,94,95,97,97,97,97,97,98,97,97,97,98,98,98,98,98,98,98,98,99
106,86,95,97,96,96,97,98,98,98,98,98,98,98,98,99,99,99,99,99,99,99,99,100,99
107,88,96,98,96,97,98,99,99,99,99,98,100,99,99,99,100,99,100,101,101,101,101,100,101
108,87,95,98,96,98,99,99,99,100,99,100,99,99,101,100,100,101,101,101,101,101,101,101,101
109,87,97,99,97,99,99,100,100,100,100,100,100,100,100,101,101,101,102,102,102,102,103,103,102
110,90,98,101,98,99,100,101,101,102,101,101,101,101,102,102,102,102,102,103,103,103,103,104,103
111,90,100,102,99,102,101,102,102,103,101,103,102,103,102,103,103,103,104,104,104,104,105,104,105
112,90,99,101,101,101,102,104,104,103,102,103,103,104,104,104,104,104,105,105,105,105,105,106,106
113,90,100,104,101,103,103,104,104,103,104,105,104,104,105,104,106,105,106,105,106,106,106,106,106
114,91,102,105,102,104,104,106,105,105,105,105,105,106,106,106,106,107,106,106,107,107,107,107,108
115,96,103,104,103,104,106,106,106,106,106,106,106,106,106,107,107,107,107,108,108,108,108,109,108
116,97,105,106,104,105,106,107,106,107,107,107,107,107,108,108,108,109,109,109,108,109,109,109,109
117,97,105,107,105,107,108,109,107,107,108,108,107,109,108,109,109,109,109,110,110,110,111,110,110
118,95,105,107,105,107,107,108,108,108,108,108,109,109,109,109,110,110,110,110,111,111,111,111,110
119,95,106,107,106,108,108,110,109,109,109,110,110,110,111,110,111,111,112,112,112,112,112,112,112
120,97,106,109,108,109,110,109,110,109,110,111,111,110,112,111,112,111,112,112,112,112,112,112,113
121,95,107,110,108,109,110,111,110,110,111,111,111,112,112,113,112,113,113,113,113,113,114,113,114
122,99,108,111,109,111,111,112,112,112,113,112,113,113,113,113,114,114,114,114,114,114,114,114,115
123,99,110,113,110,111,113,112,113,112,113,113,114,114,114,114,114,114,115,116,116,116,114,115,116
124,101,110,112,111,111,114,113,113,113,114,115,114,114,115,116,115,115,115,115,115,116,116,116,116
125,102,112,114,112,114,115,114,114,115,116,116,116,116,116,116,116,116,117,117,116,116,117,117,117
126,100,112,114,112,114,114,114,114,114,115,116,117,116,117,117,116,117,117,118,117,116,118,118,117
127,101,113,115,112,114,115,115,116,116,116,118,117,118,118,118,118,118,118,118,118,118,118,119,118
128,105,115,115,115,116,117,116,117,118,117,119,119,118,119,118,119,119,119,119,119,119,119,120,120
129,103,115,116,115,117,117,117,117,117,119,119,119,119,119,119,119,119,119,119,120,120,120,120,120
130,106,116,117,116,118,119,118,118,118,119,119,120,120,121,121,120,121,120,121,121,121,121,121,121
131,107,116,119,118,119,119,119,121,121,121,121,121,122,121,121,121,122,122,122,122,121,122,122,123
132,104,119,119,118,120,120,120,121,121,122,122,122,123,123,123,122,122,123,123,124,123,123,123,124
133,107,118,120,119,120,121,122,122,121,123,123,124,123,123,124,123,123,124,124,124,124,124,124,124
134,109,120,121,120,122,123,121,122,123,124,124,124,124,124,124,124,125,124,124,125,125,125,125,126
135,110,121,120,121,124,123,122,122,124,124,125,125,125,125,125,125,126,125,125,126,126,126,126,127
136,109,120,122,121,123,124,123,124,124,125,126,126,126,126,127,126,126,126,126,127,127,127,127,127
137,109,122,123,122,125,125,124,123,126,126,127,126,126,126,126,127,127,127,127,127,128,127,128,128
138,110,122,123,123,125,124,123,125,126,126,126,127,128,127,127,128,128,127,127,128,128,129,128,128
139,113,124,124,125,125,127,127,127,127,127,128,128,129,129,129,128,129,128,130,129,129,130,130,130
140,113,125,124,125,126,127,127,128,127,129,129,129,129,130,130,129,129,129,130,130,131,130,131,131
141,111,124,123,125,126,127,127,128,128,129,129,130,131,129,129,130,130,130,130,131,131,131,131,131
142,113,127,126,126,129,128,128,129,130,131,131,131,131,131,131,130,130,131,132,132,132,132,132,133
143,114,127,126,128,130,129,129,130,131,131,131,132,132,131,131,131,132,132,133,133,133,134,133,133
144,117,128,129,128,131,130,131,130,131,133,132,133,132,133,133,132,134,133,134,133,134,134,135,134
145,114,129,130,129,132,131,131,132,133,134,133,133,133,133,134,134,135,134,135,135,135,135,135,135
146,116,132,129,131,134,132,132,134,134,135,135,135,134,135,135,135,136,137,136,136,137,136,137,137
147,118,130,131,132,134,132,133,134,134,135,135,135,135,135,136,136,135,136,136,137,137,137,137,138
148,120,133,132,133,135,134,135,135,135,136,136,137,136,137,137,137,138,137,138,138,138,138,138,139
149,121,133,132,133,135,134,136,136,137,137,136,137,136,138,138,137,138,138,138,139,139,139,140,140
150,123,132,133,134,136,135,136,137,138,139,138,138,138,138,138,139,139,139,139,139,139,140,139,141
151,122,136,135,135,137,137,137,138,139,139,138,138,139,139,139,139,140,140,140,141,141,141,141,141
152,122,136,135,136,137,136,138,139,139,140,139,140,140,140,140,140,141,140,141,141,141,142,142,142
153,124,137,134,136,137,137,139,140,140,141,140,139,140,140,141,141,141,142,142,141,142,143,143,142
154,123,136,137,138,139,138,139,140,141,141,142,141,142,142,143,142,143,143,143,142,144,144,144,144
155,125,137,136,138,141,139,141,141,142,141,143,141,143,143,143,143,144,144,143,144,145,144,144,144
156,125,138,136,139,140,140,141,143,142,142,143,143,143,143,144,144,144,144,143,145,145,145,144,145
157,128,137,139,141,142,141,142,143,145,145,144,145,144,145,145,145,145,146,146,146,145,146,146,146
158,126,139,139,141,142,142,143,144,144,144,145,145,145,146,146,146,145,147,147,147,147,146,147,148
159,130,141,140,143,145,143,144,145,146,145,146,146,146,146,147,148,147,148,148,148,148,148,147,148
160,130,143,141,144,145,145,145,146,147,147,147,147,147,147,147,148,149,148,148,149,149,149,149,149
161,131,144,142,144,146,145,145,147,146,146,148,147,148,148,149,149,150,150,149,149,150,150,150,150
162,131,145,143,146,145,146,147,149,148,148,148,148,149,150,151,149,150,151,150,150,151,151,151,151
163,130,145,142,145,147,147,147,149,148,149,149,149,150,150,150,151,151,151,151,151,151,151,151,151
164,129,143,142,145,149,146,148,148,149,149,149,150,151,151,151,151,151,152,152,151,152,153,152,152
165,131,146,145,147,149,148,150,150,150,150,151,151,152,152,152,152,153,152,153,153,152,152,153,154
166,132,147,146,148,149,148,150,152,152,151,151,153,153,153,153,154,153,153,154,153,154,154,154,154
167,133,150,146,149,151,150,150,152,152,153,153,154,153,155,154,155,155,155,155,156,155,155,155,155
168,137,149,146,149,151,150,150,153,152,153,154,155,156,155,155,155,155,156,155,155,155,156,156,156
169,136,150,148,151,151,151,153,154,154,154,154,155,156,156,156,157,156,156,155,156,156,156,156,157
170,136,150,148,151,152,153,153,154,154,154,154,156,156,156,156,156,157,156,156,157,158,157,158,158
171,135,150,149,151,151,152,154,155,155,154,156,156,156,158,158,158,159,157,158,157,158,158,158,159
172,138,153,150,154,155,155,155,156,156,156,157,158,158,160,159,159,159,159,159,159,159,159,159,160
173,139,153,150,152,154,155,156,156,157,156,156,157,158,159,160,160,160,159,159,160,160,160,160,160
174,139,153,151,153,155,155,157,157,159,158,159,159,160,161,161,161,161,161,161,160,162,159,161,161
175,140,155,153,157,157,156,157,159,158,159,159,159,162,161,161,162,161,162,161,162,161,161,162,162
176,141,157,154,157,159,157,158,159,160,160,161,161,162,162,163,163,162,162,163,163,163,163,163,164
177,142,160,153,158,157,159,160,161,162,160,161,162,163,163,164,164,163,163,163,164,164,164,164,165
178,141,159,155,160,159,159,161,162,162,163,163,162,164,164,164,164,164,164,164,164,164,165,165,165
179,143,161,157,160,159,161,162,163,163,163,163,165,165,165,165,165,165,165,166,166,166,166,167,166
180,142,160,155,160,160,161,162,163,163,163,164,165,165,166,166,165,166,167,166,166,167,166,166,167
181,144,160,158,162,162,162,163,164,164,164,166,166,167,166,166,166,167,167,167,168,168,168,168,168
182,146,160,159,160,161,162,164,165,165,165,166,167,167,167,168,168,167,168,167,168,168,170,168,169
183,147,163,158,164,163,164,165,165,166,166,165,167,169,167,168,169,168,169,169,168,169,169,170,170
184,151,164,162,165,164,165,166,167,167,168,169,169,169,170,170,169,171,169,170,170,170,170,171,171
185,150,165,162,167,165,166,168,167,168,169,170,169,170,170,170,171,170,170,171,171,171,171,173,173
186,150,166,163,168,166,167,169,169,170,169,170,171,171,171,171,171,171,171,172,172,173,172,173,173
187,152,167,162,168,167,169,168,170,169,171,171,172,173,173,173,172,172,173,173,173,172,174,173,175
188,151,167,163,168,167,168,169,170,169,170,171,173,173,173,171,172,172,172,173,173,173,174,173,175
189,150,167,163,167,167,169,170,170,169,171,172,172,173,173,172,172,172,174,174,174,174,174,174,175
190,152,169,165,170,169,170,171,171,172,172,174,174,173,175,174,176,175,176,175,175,177,177,177,177
191,153,171,166,170,169,171,173,172,174,174,174,175,175,176,175,175,177,176,176,176,177,177,177,178
192,157,170,166,172,171,172,174,174,173,174,175,176,176,176,177,176,177,177,178,177,177,178,177,177
193,151,171,166,171,170,172,173,173,175,175,177,176,176,176,176,177,176,177,178,179,178,179,179,179
194,154,172,167,173,171,174,175,175,176,176,176,177,178,177,178,178,178,179,179,179,179,179,180,180
195,156,170,168,173,171,174,175,175,174,177,178,178,179,178,178,179,178,179,180,179,181,181,180,181
196,157,173,168,175,172,176,177,177,176,178,178,178,178,179,179,180,180,180,181,180,181,181,181,181
197,155,176,171,174,174,175,177,177,178,179,180,179,180,180,180,180,180,181,182,181,182,183,182,182
198,160,176,172,177,176,179,179,178,180,180,181,182,181,181,182,183,182,182,182,183,184,183,182,184
199,159,176,170,177,176,177,179,179,179,180,181,181,183,182,182,183,183,183,183,184,184,184,185,184
200,159,180,174,179,176,178,182,181,181,181,183,183,182,183,183,183,183,185,185,185,185,185,185,186
201,162,178,175,178,178,181,181,181,182,183,184,183,183,184,185,185,185,185,186,186,186,187,187,186
202,164,180,176,180,179,181,183,182,183,183,185,185,185,185,185,186,186,187,187,187,187,186,187,187
203,162,182,175,181,180,183,183,181,183,184,185,186,185,186,186,186,187,187,187,186,187,188,188,188
204,160,180,177,181,180,182,185,184,184,186,186,186,187,187,187,187,188,188,188,189,189,189,188,189
205,161,182,177,182,181,183,184,184,185,186,186,187,187,187,187,188,188,188,188,189,190,190,190,190
206,167,183,179,185,182,185,186,184,187,187,187,188,188,190,190,190,190,191,190,191,190,190,191,191
207,168,184,180,185,183,184,187,185,187,188,188,188,189,189,190,190,190,191,192,191,193,191,190,191
208,165,184,178,186,184,185,187,186,188,188,189,190,189,189,190,191,191,192,191,192,191,192,192,192
209,165,187,180,185,185,187,188,187,189,189,190,191,191,192,192,192,193,193,193,192,193,192,193,193
210,165,185,181,186,184,188,187,187,189,190,190,190,191,191,192,193,193,193,193,193,193,194,193,194
211,167,189,184,188,186,189,190,189,190,192,191,193,193,193,194,194,194,194,194,194,194,194,194,195
212,171,190,183,186,188,190,191,189,191,193,194,192,193,193,194,195,195,195,196,196,195,195,196,196
213,170,190,184,191,187,191,190,191,192,193,194,194,194,194,196,196,196,197,196,196,197,197,196,197
214,170,191,184,190,187,191,192,192,193,194,195,194,195,195,197,196,197,196,197,198,197,198,197,198
215,174,190,186,190,188,191,192,192,193,195,196,196,196,197,197,196,197,198,198,197,198,198,198,198
216,172,191,188,194,190,190,193,194,194,194,195,196,196,197,199,198,198,198,198,198,199,199,200,200
217,172,193,187,191,191,193,194,193,195,196,196,196,197,199,198,199,199,199,199,200,199,200,199,199
218,173,191,188,195,192,193,194,194,196,196,199,198,198,199,200,199,200,201,200,199,201,199,202,201
219,177,195,190,195,192,196,195,196,197,198,198,199,199,199,200,201,200,201,201,201,202,202,202,202
220,174,195,188,195,193,196,197,197,196,199,199,199,200,200,202,201,202,202,202,201,202,202,202,202
221,177,196,189,196,195,197,197,197,199,201,201,200,201,201,202,203,203,203,203,203,204,203,203,204
222,177,196,193,199,196,200,199,198,200,201,200,202,203,204,204,204,205,204,204,204,205,205,205,205
223,177,198,195,200,196,201,199,200,202,202,203,202,203,204,203,204,204,205,205,204,205,206,205,205
224,179,200,192,199,196,200,201,200,200,201,203,202,204,204,204,206,206,205,205,204,206,207,206,206
225,179,199,195,199,198,201,201,201,204,203,204,203,205,205,205,206,205,207,206,206,206,207,207,208
226,182,202,194,199,199,204,202,201,203,204,204,205,204,205,206,207,208,207,208,208,208,208,208,208
227,181,201,195,201,199,201,203,204,204,204,205,206,207,207,209,208,208,208,208,209,209,210,210,210
228,181,203,197,203,200,203,202,203,205,206,206,206,209,208,209,208,210,209,210,211,210,210,210,210
229,183,204,197,205,203,205,203,206,207,207,207,208,209,209,210,210,210,210,210,211,212,211,212,211
230,181,203,199,204,204,205,205,205,207,208,208,207,208,209,211,210,211,210,210,212,212,212,212,212
231,186,205,200,206,204,207,204,207,208,209,208,209,211,211,210,211,212,212,213,212,213,213,213,214
232,183,205,200,206,204,208,207,207,209,209,210,211,211,213,211,212,213,213,213,213,213,214,214,214
233,184,205,201,208,205,207,208,207,210,211,212,211,212,212,212,214,213,213,214,215,214,214,216,215
234,189,210,205,209,205,209,209,209,211,212,212,212,213,215,213,213,214,214,215,215,215,216,215,216
235,187,207,203,211,207,210,209,211,212,212,213,213,215,215,214,214,214,216,216,216,217,217,217,217
236,188,209,202,210,207,211,211,213,212,213,214,214,215,215,215,216,216,217,217,217,217,216,217,219
237,192,211,204,212,208,211,209,211,212,213,214,215,216,216,216,215,216,218,217,218,218,218,218,218
238,186,207,203,211,208,211,210,211,214,212,214,215,215,215,217,217,218,218,218,218,218,219,219,219
239,189,213,208,212,211,214,213,213,215,214,215,217,217,218,219,218,218,219,219,220,220,221,220,219
240,193,213,207,214,210,214,212,214,216,216,216,217,219,218,220,219,219,219,220,221,222,221,222,220
241,189,212,207,213,212,214,214,215,217,216,219,217,218,220,218,219,219,221,221,221,222,222,222,223
242,193,216,209,216,212,216,217,217,217,219,219,219,221,220,221,222,220,222,222,223,222,223,224,223
243,195,217,211,216,215,217,217,218,220,219,220,220,222,221,223,223,223,223,223,224,224,224,225,225
244,193,216,211,214,214,217,216,217,219,221,220,221,222,221,222,223,223,224,224,223,225,224,226,225
245,194,217,214,219,216,218,218,221,221,220,221,222,222,222,223,224,224,224,225,225,226,226,225,225
246,194,215,212,218,217,218,217,218,221,220,221,222,222,223,224,224,224,225,226,226,227,227,226,226
247,197,218,213,219,216,217,219,221,222,223,222,223,224,225,224,224,226,225,227,228,227,228,227,227
248,195,219,215,219,218,221,220,221,223,223,223,224,224,227,226,226,227,227,228,228,228,228,228,229
249,195,220,215,221,218,222,221,222,223,224,224,225,226,226,227,226,228,228,228,229,228,229,229,229
250,196,222,218,222,220,223,223,224,226,226,226,227,227,228,228,229,230,229,230,230,231,230,231,231
251,201,223,217,219,222,224,224,226,224,226,226,228,228,227,229,230,230,230,231,231,231,231,231,231
252,200,223,217,223,221,223,225,226,225,226,228,228,228,229,228,231,230,231,231,231,233,231,230,232
253,200,223,218,224,222,225,223,225,226,227,228,229,231,230,230,230,232,232,231,232,233,233,233,232
254,201,225,220,224,223,228,225,226,229,229,228,230,230,230,230,232,232,233,234,234,234,234,233,234
255,203,227,220,224,224,226,227,227,230,229,231,231,232,232,233,232,233,234,233,234,236,234,235,234
256,200,227,221,227,225,228,226,230,230,229,230,232,234,233,233,233,234,234,234,236,235,237,236,236
257,205,227,218,225,225,228,226,229,231,229,230,233,232,233,233,233,235,235,235,236,236,237,236,236
258,204,227,222,226,227,229,230,231,231,231,233,234,234,234,234,235,236,236,236,236,237,237,236,237
259,209,229,225,229,229,230,230,231,232,233,234,235,237,237,236,237,237,236,238,239,238,237,239,239
260,201,229,220,229,228,231,230,233,232,233,234,235,237,235,235,237,238,237,239,238,238,239,238,238
261,208,232,227,231,230,232,231,232,234,234,236,235,236,237,237,238,238,240,240,239,240,238,240,239
262,208,233,227,228,232,232,233,233,235,234,235,236,238,237,238,239,239,240,240,240,240,240,242,240
263,208,234,226,234,231,233,233,236,237,235,238,237,238,237,239,240,241,240,242,241,241,242,241,242
264,214,233,228,231,232,235,233,236,235,235,238,239,240,238,240,241,240,242,241,241,243,243,243,243
265,213,234,229,232,232,236,234,236,236,238,238,240,239,240,241,241,242,242,242,243,243,243,244,244
266,209,235,229,233,232,236,236,237,237,238,238,240,243,241,240,243,242,242,243,243,243,244,244,244
267,210,236,229,234,233,236,235,238,238,239,239,241,240,241,242,244,244,243,244,245,245,245,244,246
268,213,238,230,236,234,238,237,238,240,240,240,240,243,242,242,243,244,245,245,246,245,246,246,246
269,210,236,231,235,235,237,238,240,240,240,241,242,243,243,244,246,245,245,245,246,246,248,247,248
270,218,238,235,236,236,239,239,242,243,242,243,244,244,245,245,247,248,247,247,248,247,249,248,249
271,212,240,232,234,240,239,239,241,241,242,244,244,244,245,246,246,247,247,247,249,248,248,248,249
272,216,243,235,238,239,239,242,243,242,241,245,247,246,246,247,249,247,248,249,250,249,249,250,250
273,217,242,234,238,238,240,240,244,243,243,244,246,245,247,247,248,249,249,248,249,249,249,250,250
274,215,242,236,240,240,242,243,246,244,244,246,247,248,248,249,248,250,249,251,251,250,251,252,251
275,216,243,234,241,242,244,243,246,244,246,247,248,248,248,248,250,249,251,250,253,251,252,254,253
276,222,246,241,243,243,246,244,248,248,248,249,250,251,251,251,251,252,253,253,253,254,254,255,254
277,222,245,239,239,245,246,246,248,248,249,250,250,250,253,252,252,252,252,255,254,255,254,255,256
278,223,247,239,245,244,245,245,247,248,249,248,252,250,252,251,254,252,254,253,254,254,255,255,256
279,222,248,239,244,244,246,247,248,248,249,251,251,250,253,253,254,256,254,255,254,257,257,258,255
280,225,250,241,244,245,247,247,250,249,249,251,251,253,253,255,254,255,255,256,255,256,258,257,259
281,220,250,241,245,247,248,247,251,250,252,253,253,253,252,255,255,256,256,256,258,257,257,258,259
282,224,252,243,248,247,250,250,252,251,254,254,254,254,256,257,257,258,258,259,258,258,260,260,260
283,228,251,243,248,248,250,250,254,252,254,254,254,255,256,257,259,259,258,258,259,261,260,261,261
284,227,251,245,246,247,249,249,254,250,252,255,255,256,257,257,258,258,259,259,259,260,260,260,260
285,228,253,245,248,249,252,252,253,253,255,255,256,256,258,258,259,260,260,259,261,262,262,262,261
286,229,253,245,251,250,252,252,254,254,256,257,257,258,259,260,260,261,261,261,261,262,262,263,263
287,228,254,247,250,249,256,255,258,255,256,257,258,259,260,260,262,261,261,261,263,262,264,264,264
288,225,253,248,252,251,253,254,257,256,257,259,259,261,261,260,261,263,262,263,263,263,266,267,264
289,229,257,251,250,254,254,257,258,257,259,261,260,262,263,262,263,263,264,265,264,265,266,266,266
290,233,257,249,255,255,257,257,258,260,259,261,262,261,264,263,264,264,265,265,267,265,265,268,268
291,230,257,251,252,255,255,257,260,258,260,260,262,261,263,265,264,264,265,265,266,266,266,267,268
292,232,258,253,254,255,259,259,262,259,262,262,261,263,264,266,264,267,267,267,268,267,267,268,268
293,230,259,252,255,255,257,260,261,261,261,264,264,264,265,265,265,266,267,266,268,269,270,270,269
294,232,260,253,254,255,258,258,261,261,262,264,263,264,266,266,267,268,268,266,269,270,269,269,269
295,236,262,252,257,259,260,261,262,262,264,265,266,265,267,267,269,268,269,268,270,270,272,270,271
296,240,263,255,257,262,262,263,263,263,266,266,267,268,268,269,270,269,271,271,272,271,272,273,273
297,240,263,257,258,260,259,263,265,264,265,267,267,268,269,269,270,270,271,272,272,272,272,273,272
298,241,267,256,260,261,259,262,264,262,267,265,268,269,270,269,271,271,270,271,271,273,273,273,273
299,240,266,257,259,260,261,266,266,265,267,269,269,270,270,271,273,272,273,273,273,276,275,275,274
300,237,265,257,259,259,261,263,265,266,267,268,268,270,271,270,271,271,271,271,273,273,275,275,275
301,239,268,255,261,266,266,264,268,268,268,271,271,271,271,273,272,273,274,274,275,275,276,275,276
302,239,268,262,264,266,267,268,268,269,271,271,272,274,275,275,275,275,275,275,277,277,277,278,277
303,240,270,262,262,266,266,270,271,269,271,272,272,273,275,275,276,276,275,276,277,277,278,278,278
304,239,269,262,261,266,266,267,269,269,270,273,273,273,275,276,275,275,277,277,278,278,277,279,279
305,238,271,263,263,266,266,265,269,269,273,271,272,273,276,276,276,276,277,277,278,278,279,279,278
306,241,271,264,265,268,269,269,272,273,273,275,274,275,276,278,279,277,277,279,279,280,279,278,280
307,246,273,263,263,266,267,269,270,273,273,276,273,276,278,277,278,278,279,278,280,279,280,282,282
308,242,273,264,265,269,271,271,273,273,275,273,277,276,277,278,277,280,281,280,280,280,281,282,282
309,248,275,267,268,271,272,274,275,277,278,277,278,278,279,279,283,281,280,283,283,284,283,283,284
310,245,274,270,268,272,272,274,274,277,276,278,278,279,280,280,281,282,281,282,282,283,284,284,285
311,246,277,266,268,268,269,272,274,274,278,276,278,279,280,281,280,281,282,283,283,283,284,283,284
312,245,277,267,270,276,273,276,277,276,280,281,279,281,282,283,282,284,284,285,285,284,286,285,286
313,251,277,272,269,275,274,276,276,278,280,281,281,282,282,284,283,284,283,286,285,286,285,288,287
314,249,278,268,270,277,274,278,279,278,281,280,282,284,284,284,287,286,286,286,287,287,286,287,288
315,250,278,268,274,275,274,277,279,280,282,281,281,282,284,283,286,286,286,287,287,286,288,288,289
316,254,281,270,273,278,275,280,280,279,283,282,283,284,285,284,286,286,287,289,287,287,289,289,289
317,254,282,272,273,278,277,279,281,280,282,282,284,283,286,285,288,287,287,288,289,291,291,290,289
318,250,280,270,274,278,277,280,280,282,285,283,285,287,286,286,286,288,289,289,289,290,289,290,290
319,254,284,272,275,279,276,280,281,282,282,283,285,285,284,286,288,289,290,291,291,289,290,290,292
320,254,284,276,271,280,280,280,281,284,286,286,286,288,290,289,290,290,290,292,291,292,292,293,294
321,256,285,278,277,281,280,283,286,286,288,288,288,290,291,291,291,291,293,293,293,294,294,294,295
322,254,287,280,278,281,279,283,284,284,287,287,287,288,289,291,291,293,291,293,294,292,294,295,296
323,257,287,274,278,282,282,285,283,287,289,287,288,289,291,292,292,293,293,294,294,295,296,296,296
324,260,286,277,279,283,281,286,286,288,290,290,289,292,292,293,292,293,296,295,294,295,295,297,297
325,258,287,280,281,287,285,288,288,289,290,291,292,294,293,293,294,296,295,298,295,296,297,297,298
326,258,291,281,282,284,284,288,289,289,292,290,291,292,293,295,294,296,297,297,297,297,298,298,299
327,259,292,283,282,287,285,289,290,291,292,292,292,296,296,296,295,297,298,299,299,298,299,298,299
328,260,290,279,283,286,286,289,291,291,293,292,293,294,297,297,296,298,300,298,299,298,299,301,301
329,255,289,282,283,289,288,293,290,291,295,293,294,295,297,297,297,299,300,299,299,300,300,301,302
330,265,291,283,284,287,289,291,291,294,295,295,294,297,297,297,299,300,299,300,302,301,301,303,302
331,266,293,281,282,288,286,291,290,291,293,295,295,295,297,296,298,299,299,302,301,300,301,302,302
332,264,294,285,286,292,290,294,294,297,296,296,297,298,298,300,300,302,303,304,303,305,304,303,306
333,269,295,282,286,292,292,295,293,296,297,296,298,300,299,301,299,303,304,302,304,303,303,305,306
334,262,297,288,289,293,292,296,296,297,298,298,300,301,301,302,303,305,302,304,304,305,306,306,307
335,264,297,287,285,294,292,295,296,297,298,298,299,300,301,304,303,303,305,305,304,306,306,306,307
336,267,299,290,291,295,295,298,295,298,300,300,300,303,303,305,305,306,306,307,308,307,307,309,308
337,270,299,292,290,296,293,299,299,299,301,301,302,303,304,304,306,305,306,306,306,308,308,307,308
338,268,301,289,290,298,292,297,299,300,300,302,302,302,305,304,305,306,307,308,308,309,308,309,309
339,270,303,296,291,298,299,301,298,301,303,302,303,305,306,307,307,308,308,307,309,310,309,309,310
340,272,301,291,293,298,298,301,299,300,303,303,303,305,306,307,308,308,309,309,309,308,310,310,311
341,274,303,291,291,299,297,303,301,302,303,304,306,306,306,308,308,308,309,310,309,310,311,312,313
342,274,302,294,293,301,297,301,301,303,305,304,302,305,306,309,310,311,310,310,311,310,311,312,313
343,274,303,295,293,302,299,303,303,304,302,302,305,306,308,310,310,309,311,310,312,311,311,314,314
344,270,306,298,296,300,299,302,303,304,304,306,307,307,308,309,309,311,311,312,313,314,315,311,313
345,276,306,296,299,303,301,306,306,304,308,308,310,309,310,310,313,313,313,315,313,315,316,317,314
346,273,308,295,296,304,301,305,303,308,307,307,308,311,310,311,314,314,312,314,315,315,315,315,316
347,273,310,295,297,303,300,305,307,306,308,308,309,310,310,312,312,315,314,314,313,316,316,316,316
348,278,310,302,299,306,302,310,308,309,311,311,309,313,314,312,314,315,316,316,317,316,317,317,318
349,280,310,300,300,307,305,310,308,311,310,310,313,314,315,314,317,317,317,318,318,320,318,321,320
350,277,310,297,298,306,304,308,306,311,310,310,313,313,312,315,315,316,315,317,316,319,318,319,321
351,275,311,301,301,307,304,309,307,312,311,313,314,312,314,315,317,319,319,319,320,320,320,320,320
352,283,309,302,300,310,307,310,311,314,314,312,316,316,316,318,317,319,320,319,319,321,321,321,321
353,284,314,306,304,308,306,312,311,310,315,314,315,315,318,318,317,319,320,321,322,321,322,322,322
354,281,312,304,302,310,310,313,311,315,316,315,318,319,317,319,319,321,322,320,321,323,322,325,326
355,282,313,307,306,310,312,312,312,316,316,316,318,319,319,321,322,322,323,323,324,324,323,326,326
356,281,314,302,305,308,308,311,311,314,315,315,315,317,317,319,320,322,321,323,325,325,323,323,324
357,286,317,303,305,312,310,315,313,314,317,316,318,319,319,321,321,324,323,323,322,323,324,325,324
358,284,320,306,307,312,309,315,315,318,318,319,319,319,320,321,321,322,324,325,326,325,326,326,328
359,290,323,311,306,315,313,318,317,320,319,320,322,321,325,325,325,325,326,326,326,326,327,327,328
360,287,316,308,308,312,313,316,316,320,319,319,321,321,323,321,325,325,325,325,326,327,328,328,329
361,289,320,311,310,314,313,317,318,319,317,322,323,324,324,324,325,327,328,328,329,329,329,329,330
362,295,321,312,312,319,316,320,320,320,324,322,324,325,325,327,329,327,328,327,330,330,330,331,329
363,291,322,309,309,315,313,319,317,321,322,321,324,324,326,324,328,328,327,328,329,330,331,329,330
364,285,324,311,307,317,317,317,318,321,319,323,325,325,326,327,329,328,328,328,329,330,330,332,332
365,284,323,312,314,318,317,321,323,322,323,327,327,327,326,329,328,329,330,332,333,332,332,333,333
366,292,323,313,310,319,315,321,322,322,324,325,328,325,326,327,330,329,330,331,333,331,333,333,334
367,289,323,313,315,321,320,323,320,326,325,328,328,329,330,330,331,334,333,335,334,336,335,334,335
368,298,327,317,312,323,321,322,324,327,326,329,330,329,330,330,331,332,334,334,335,335,336,336,335
369,296,326,317,314,323,318,328,324,327,331,330,330,330,332,332,334,334,333,333,335,335,336,335,336
370,293,330,319,317,324,321,323,324,328,329,332,332,331,331,331,331,333,335,337,338,336,337,340,337
371,298,328,316,315,323,320,325,324,328,328,330,329,329,330,332,334,333,334,335,337,337,337,338,336
372,299,330,321,318,326,323,326,325,330,329,330,333,333,332,332,336,336,338,338,338,338,338,339,339
373,299,333,322,320,327,325,327,328,328,332,336,334,334,332,336,336,338,337,339,337,339,341,340,342
374,297,329,316,319,326,323,329,327,330,332,333,334,335,333,337,338,336,337,340,340,340,339,340,339
375,299,332,322,322,326,324,332,328,331,332,334,338,336,338,336,339,340,340,342,342,342,341,340,341
376,293,337,325,316,328,326,330,332,331,335,336,335,336,338,338,339,339,340,341,342,342,340,344,343
377,294,332,324,322,331,331,333,331,334,335,336,336,338,339,339,341,341,343,342,342,342,344,344,345
378,299,337,322,325,328,328,330,331,335,334,335,336,335,338,339,341,340,341,341,345,345,345,343,344
379,298,337,324,325,332,330,335,334,338,335,339,340,338,342,339,340,343,344,343,344,345,346,346,346
380,297,337,325,327,334,329,334,332,334,336,336,339,338,341,339,340,342,342,345,345,343,344,346,347
381,295,340,327,326,331,332,334,333,338,337,339,339,339,342,341,344,342,344,345,345,346,346,348,348
382,302,337,333,325,330,330,333,338,338,336,337,338,340,341,344,343,343,344,346,346,347,344,346,347
383,301,340,331,331,335,332,339,336,339,340,342,344,343,341,344,345,347,348,347,346,349,347,351,350
384,309,343,328,327,337,333,336,339,338,341,342,342,340,343,345,346,345,349,349,347,348,347,350,351
385,296,341,330,326,337,332,337,338,340,342,342,347,345,345,344,344,345,348,351,350,349,353,350,353
386,309,341,328,327,339,334,340,338,341,341,342,342,344,343,344,346,348,348,347,348,350,350,350,352
387,305,346,330,333,340,334,339,338,343,342,345,345,345,346,346,348,350,351,351,350,351,354,352,352
388,310,346,335,333,339,341,342,341,344,344,345,347,346,348,347,348,350,352,351,355,352,354,354,354
389,306,346,333,334,338,338,342,340,346,343,346,347,348,348,349,349,350,353,353,353,354,356,353,355
390,314,344,332,329,338,333,338,340,342,343,347,346,348,347,350,348,349,350,352,353,354,354,352,354
391,313,348,334,334,341,340,340,343,342,343,347,349,350,347,349,350,353,353,352,355,357,355,354,357
392,307,349,338,332,342,341,342,347,348,346,351,348,349,352,352,352,353,355,353,355,355,356,359,357
393,316,347,338,339,336,341,343,347,347,350,349,354,356,354,353,353,356,356,359,357,358,358,359,358
394,309,349,339,334,343,343,341,346,345,343,349,351,349,352,353,352,356,354,357,355,358,359,359,360
395,309,347,339,335,340,341,343,345,348,346,350,350,351,349,352,354,356,356,357,355,357,359,358,358
396,310,350,336,339,347,345,349,348,352,352,355,353,352,354,357,356,355,359,359,359,360,361,360,361
397,319,352,337,338,341,344,346,346,348,349,354,353,353,356,355,355,356,360,358,359,362,361,360,362
398,319,355,344,341,344,344,347,348,355,353,353,353,354,353,358,357,359,359,361,361,361,360,361,361
399,315,350,339,341,344,344,350,348,352,351,353,355,354,357,356,357,359,361,359,362,361,360,361,363
400,320,350,347,339,352,346,349,353,354,353,357,356,357,358,358,359,362,365,364,364,363,362,362,366
401,319,359,344,345,351,352,351,351,357,355,357,356,360,359,362,360,360,363,362,362,364,363,366,366
402,316,351,343,340,347,350,351,352,355,355,358,353,353,360,356,359,365,360,365,364,365,364,364,367
403,314,358,344,338,345,350,349,352,355,355,355,359,361,361,360,359,363,365,365,363,365,366,365,370
404,322,359,341,339,344,348,348,354,349,353,356,356,358,358,362,361,361,364,361,362,365,364,366,364
405,319,360,347,345,351,352,353,358,358,357,362,360,359,361,364,365,365,368,368,367,369,370,369,366
406,324,362,342,345,351,348,352,355,361,355,364,360,359,360,366,361,364,366,365,366,368,370,368,369
407,325,356,350,345,351,354,355,356,355,358,360,358,360,361,363,364,363,364,369,366,366,366,370,371
408,327,364,347,350,357,356,355,355,358,359,362,360,365,363,362,366,367,367,367,368,371,370,370,370
409,332,360,353,343,357,358,356,356,356,355,360,362,366,367,367,365,364,366,370,368,372,372,372,368
410,319,366,349,347,355,353,355,355,360,357,360,367,363,364,361,362,367,367,368,367,369,371,369,373
411,320,361,351,347,357,353,355,354,357,363,364,360,361,364,365,366,368,368,369,370,373,371,373,372
412,328,367,359,353,361,361,360,361,367,366,370,368,367,371,370,371,372,371,373,374,374,375,376,378
413,331,369,353,352,358,358,362,362,361,365,367,364,364,370,369,366,372,375,373,374,373,375,373,376
414,334,374,354,358,361,361,365,366,366,368,370,370,372,374,372,371,373,376,373,377,375,377,380,378
415,334,368,360,353,369,362,365,366,367,366,371,370,372,373,374,376,376,375,377,376,377,378,378,379
416,337,371,360,358,366,361,370,365,366,369,373,372,368,371,374,376,375,377,379,376,378,380,381,379
417,327,367,358,355,359,358,365,367,366,366,370,366,371,372,371,374,375,374,375,375,377,373,378,379
418,342,377,361,354,367,364,367,367,366,375,373,371,374,371,375,372,376,375,379,376,379,378,380,382
419,316,375,357,352,365,360,364,365,368,368,370,370,369,375,373,374,375,378,377,376,381,380,377,381
420,335,371,362,363,372,365,370,371,373,373,373,375,375,380,376,380,377,379,382,380,383,383,381,382
421,338,368,355,357,368,364,362,368,368,373,371,371,374,371,373,380,377,379,377,379,381,379,380,383
422,340,381,360,363,370,367,367,373,374,375,377,376,377,375,378,378,382,381,382,384,385,384,382,385
423,331,375,357,351,365,365,363,369,370,371,376,375,374,378,379,377,379,378,378,383,382,384,382,386
424,335,381,363,368,370,372,371,374,375,376,379,377,380,381,379,381,377,382,383,380,384,382,385,388
425,347,380,368,365,369,369,375,377,375,376,378,377,377,380,380,382,379,383,386,382,386,388,386,388
426,333,380,363,359,369,370,370,374,376,374,380,380,378,380,383,378,382,385,383,385,388,383,388,389
427,336,379,357,365,366,368,372,371,379,372,376,378,379,381,379,380,379,383,382,386,385,388,387,387
428,337,377,365,370,376,377,376,373,381,377,379,380,383,386,385,386,383,386,388,387,391,390,389,391
429,333,376,373,360,374,372,370,376,376,375,378,380,380,380,381,381,385,384,386,386,385,393,388,389
430,351,377,371,362,372,374,375,376,378,378,382,384,382,382,379,383,384,387,386,387,390,391,388,391
431,346,378,369,366,372,366,375,377,380,382,380,377,384,384,385,388,388,388,390,388,388,389,390,392
432,341,380,366,366,375,373,376,379,379,379,379,382,385,383,385,383,386,385,387,388,389,389,392,390
433,355,387,366,362,373,375,379,378,384,380,383,384,387,388,384,387,387,388,390,392,394,393,393,392
434,350,386,377,372,377,377,378,381,382,384,385,386,389,392,386,389,390,392,391,392,395,392,392,396
435,354,382,375,370,378,376,380,381,384,379,383,386,387,388,387,394,389,390,391,390,394,395,394,397
436,351,382,371,372,378,379,377,383,383,383,388,384,386,387,387,388,389,391,391,395,395,390,394,395
437,346,384,375,370,384,375,384,382,384,384,393,389,387,391,388,393,390,396,393,392,394,393,398,394
438,356,390,375,367,379,379,375,381,385,383,388,390,392,389,391,389,392,390,392,395,393,398,395,396
439,363,389,378,369,380,381,382,387,387,389,384,390,396,393,392,392,392,395,394,398,401,398,395,399
440,333,390,376,374,381,378,382,378,387,379,387,392,387,389,393,392,390,393,392,393,394,391,400,399
441,357,387,372,370,378,381,381,385,384,386,383,391,391,395,392,394,393,396,395,397,395,398,400,399
442,353,397,378,372,382,383,383,386,386,388,386,395,393,394,396,397,396,395,397,396,400,395,399,401
443,359,397,379,372,383,384,382,392,390,389,394,393,394,396,394,394,400,400,402,404,402,402,401,403
444,361,388,385,371,385,383,392,390,386,393,390,393,399,397,395,396,399,399,399,400,402,397,401,403
445,353,396,375,373,379,381,382,383,385,387,390,388,390,394,392,393,395,395,400,400,399,402,404,399
446,358,398,381,372,384,390,387,393,391,394,398,397,397,397,398,399,402,400,403,404,402,408,406,405
447,362,401,389,375,389,392,389,393,391,395,394,399,398,400,401,400,403,399,403,402,404,407,404,406
448,358,403,382,379,385,386,387,393,390,394,394,398,398,399,402,400,400,401,401,406,405,409,407,408
449,360,399,377,379,383,385,389,389,391,398,395,395,398,396,401,404,400,402,402,404,407,404,404,405
450,357,396,386,384,387,390,394,396,394,393,399,397,401,400,401,405,400,404,405,410,404,411,407,412
451,359,402,390,382,398,391,392,396,395,399,398,400,400,403,400,404,405,405,409,404,404,409,407,411
452,368,406,383,386,395,393,387,397,396,396,400,400,405,401,402,403,403,405,407,405,409,411,408,412
453,354,397,389,384,387,389,390,394,393,396,399,396,401,398,399,404,406,407,409,406,409,408,409,410
454,359,404,390,389,395,391,392,398,396,400,399,402,403,400,403,403,403,406,406,407,410,407,413,413
455,363,401,384,379,394,391,391,397,400,398,398,404,403,401,405,406,408,406,406,409,413,409,410,408
456,359,401,387,387,392,392,394,399,398,397,400,398,402,403,408,406,406,410,408,410,412,410,412,413
457,369,409,393,392,396,400,394,404,406,404,407,409,411,408,409,412,412,409,412,413,412,416,416,417
458,372,406,398,388,397,399,398,403,398,407,408,403,408,409,408,411,409,408,413,418,415,415,417,420
459,373,407,388,388,394,398,399,400,401,403,406,407,409,406,406,411,412,407,414,412,415,414,414,416
460,363,414,402,383,405,399,402,403,399,402,405,406,409,411,409,413,412,410,412,414,416,416,414,419
461,372,410,391,390,401,396,397,406,402,403,405,410,407,408,411,412,412,412,414,413,413,414,416,418
462,369,407,400,392,400,394,398,403,401,404,406,410,409,406,412,411,414,413,417,417,416,416,419,421
463,369,404,382,384,397,394,398,402,404,408,407,411,409,411,411,412,411,415,414,415,415,417,419,419
464,378,410,392,397,401,406,403,408,405,406,411,412,414,414,416,416,415,416,416,419,418,418,419,424
465,374,415,399,396,399,402,405,405,407,406,407,413,415,410,412,418,415,415,418,420,423,422,422,422
466,382,407,402,396,405,400,406,402,407,412,411,412,413,412,414,417,418,418,421,421,419,419,421,421
467,367,408,400,401,404,404,400,410,411,409,411,413,415,413,416,415,416,416,415,417,422,419,423,424
468,375,416,402,395,406,408,403,410,412,419,416,417,415,417,416,424,420,418,421,424,422,424,423,423
469,377,415,400,394,404,403,409,413,411,413,413,420,416,418,418,419,418,423,419,424,424,423,426,424
470,382,418,398,390,403,403,410,408,414,411,418,417,416,418,416,419,421,421,419,422,425,428,424,423
471,368,413,406,401,410,408,411,404,413,414,412,415,414,415,418,418,417,421,419,420,425,422,424,428
472,371,423,405,401,403,405,409,408,406,415,417,415,417,417,419,419,421,418,421,423,425,423,426,428
473,388,420,404,402,410,414,413,416,415,419,419,422,417,423,422,420,422,426,425,428,428,428,429,429
474,383,416,407,405,404,406,410,409,413,416,421,419,416,420,423,421,426,423,426,425,429,429,430,430
475,377,418,401,403,407,406,408,411,411,417,416,418,419,423,420,420,422,428,426,428,430,428,430,427
476,377,424,415,404,408,416,416,416,419,415,420,421,420,422,426,425,427,429,427,431,429,427,430,430
477,379,416,403,409,412,415,410,416,416,423,419,422,422,425,424,430,428,427,426,428,430,427,433,430
478,392,427,403,407,419,419,417,420,416,422,423,426,426,426,429,431,425,430,430,433,432,433,434,434
479,386,420,409,406,412,417,408,418,422,420,423,422,425,425,426,429,429,430,430,430,433,436,437,432
480,381,416,407,408,412,417,413,418,412,421,420,424,426,428,426,428,422,428,428,433,430,435,432,435
481,378,421,409,404,408,417,414,413,418,424,416,424,425,425,427,424,427,427,428,435,433,432,433,434
482,384,425,410,408,410,422,419,417,424,422,424,424,424,426,431,430,431,430,433,431,437,438,437,436
483,390,428,413,407,415,416,418,419,421,428,425,428,430,431,432,435,428,435,435,434,438,438,438,436
484,388,431,420,406,418,411,411,416,420,425,426,428,429,428,426,429,431,436,435,434,433,439,437,434
485,381,428,409,406,415,418,416,425,427,423,425,430,425,429,431,432,431,431,429,434,437,435,438,439
486,383,436,418,414,414,420,423,425,424,428,425,431,434,431,435,437,432,437,436,435,439,440,436,442
487,389,437,416,410,417,419,423,423,424,432,429,430,432,430,435,431,436,432,434,435,439,439,441,443
488,381,429,418,417,423,427,425,427,423,432,430,431,429,435,436,432,433,436,435,438,441,438,442,439
489,390,426,412,418,417,424,423,425,424,429,424,433,432,437,435,433,436,437,440,437,444,441,440,444
490,381,432,424,422,425,423,427,431,430,432,433,436,434,438,438,439,439,438,442,441,440,446,445,442
491,383,430,421,418,424,422,424,426,425,430,431,434,434,430,435,436,433,438,441,439,441,443,442,443
492,398,433,432,420,433,429,426,424,431,436,436,435,437,441,444,442,442,446,442,446,447,447,450,448
493,408,439,423,415,425,425,420,426,428,432,430,430,437,435,436,437,437,436,439,440,440,442,442,440
494,386,431,428,427,421,431,420,433,429,439,436,437,440,442,435,441,444,443,441,442,444,447,445,452
495,401,442,419,410,419,423,422,427,430,433,433,432,433,439,438,438,441,439,443,442,444,446,444,445
496,390,443,426,417,424,431,424,432,431,432,438,438,440,439,437,438,439,442,440,445,447,445,449,449
497,390,441,426,416,427,429,424,431,430,436,434,436,437,442,441,439,441,442,447,442,441,450,447,444
498,401,444,429,425,432,428,429,436,434,439,436,441,439,442,442,444,441,449,444,449,444,449,446,449
499,389,444,422,421,426,431,431,434,437,438,434,438,443,443,444,443,444,445,447,445,449,450,450,452
500,399,444,429,422,430,440,431,441,438,439,446,447,441,445,446,447,451,444,452,448,447,450,454,456
501,396,445,428,424,432,430,435,434,438,441,439,442,446,443,447,442,447,449,451,452,455,451,452,454
502,391,449,430,424,429,432,430,435,439,444,443,447,442,443,448,447,447,445,447,451,449,453,454,452
503,397,446,433,418,439,430,437,436,437,440,435,443,437,444,448,445,447,444,448,448,447,450,454,454
504,398,450,428,429,432,434,436,436,437,440,445,444,441,447,449,447,447,449,450,451,453,453,454,457
505,406,446,432,432,432,433,432,434,435,439,440,442,441,449,450,445,446,451,451,454,452,454,452,455
506,387,459,427,430,438,440,440,443,444,446,444,449,448,449,448,449,450,453,454,457,456,457,460,457
507,411,453,438,433,435,443,443,445,441,440,444,452,449,449,452,453,451,456,456,459,458,457,460,458
508,404,448,433,432,430,433,438,443,441,442,445,443,449,449,453,452,452,451,454,457,457,454,457,454
509,405,452,443,438,435,438,442,445,449,453,448,453,455,457,460,452,459,455,447,458,462,460,459,462
510,413,452,430,432,434,436,438,444,448,450,444,450,447,453,458,451,459,456,456,460,459,459,461,460
511,401,457,442,437,434,443,437,445,443,447,447,447,450,452,455,455,458,459,458,457,458,460,462,460
512,419,443,442,436,442,444,448,446,452,456,449,453,454,457,455,459,461,462,461,462,459,463,462,462
513,415,450,439,435,443,444,444,450,450,454,448,452,458,457,461,459,457,461,462,460,458,465,464,465
514,415,461,440,438,437,440,441,447,443,448,444,452,453,456,451,457,458,456,457,462,460,463,459,463
515,395,457,436,432,430,434,433,444,444,448,446,449,450,452,453,452,453,453,456,458,460,462,462,460
516,402,461,444,439,447,452,453,451,445,456,457,457,456,457,459,458,462,458,461,459,465,464,468,465
517,414,453,436,429,439,441,443,444,451,446,455,455,456,456,455,451,459,454,455,460,459,463,463,464
518,405,462,446,443,447,451,451,455,452,458,456,456,458,463,460,462,461,461,466,467,467,468,466,472
519,418,461,437,435,436,445,441,450,450,452,450,456,454,455,459,456,461,462,460,462,465,465,465,468
520,415,462,440,436,447,441,450,452,455,455,450,459,463,468,461,457,461,462,465,463,463,469,467,472
521,421,466,442,455,455,457,458,466,460,458,461,461,468,467,466,464,467,467,470,472,470,475,477,474
522,419,462,438,434,447,437,437,444,451,449,454,452,455,461,461,460,461,464,463,461,464,460,466,468
523,419,468,452,441,447,453,454,457,462,458,456,459,464,463,467,466,469,466,467,470,470,472,470,472
524,426,460,449,443,444,448,453,455,459,460,461,466,465,465,467,464,470,471,469,469,474,473,475,472
525,425,467,444,438,450,449,455,449,458,461,458,464,465,465,466,467,469,471,467,466,471,470,474,473
526,422,467,450,447,449,452,453,458,456,460,457,460,463,466,468,467,469,471,468,470,474,473,471,473
527,414,469,440,439,446,451,453,457,459,459,461,464,465,465,469,466,466,470,469,469,469,468,474,472
528,432,470,452,450,451,457,456,462,463,465,462,469,465,469,469,470,472,476,476,474,475,479,477,478
529,418,479,454,447,451,456,456,460,466,471,464,473,472,466,468,471,469,472,475,475,476,478,476,478
530,421,470,454,449,455,455,448,459,463,463,461,467,465,465,469,471,469,472,468,472,476,476,477,479
531,422,472,455,446,457,461,465,464,464,469,467,472,468,469,472,470,470,472,472,477,480,479,475,480
532,415,470,450,449,450,456,455,460,458,469,465,468,469,472,470,471,472,477,474,472,479,478,476,475
533,437,467,459,450,459,454,464,463,463,466,467,474,467,472,476,475,474,475,480,481,481,481,480,484
534,428,471,454,452,458,462,461,466,466,470,467,471,472,477,473,475,477,475,475,478,479,479,479,484
535,434,479,460,456,453,462,460,463,465,473,469,475,472,475,476,472,474,475,476,476,481,480,481,486
536,432,476,455,449,459,468,465,468,468,469,470,478,472,476,474,479,481,480,480,481,483,484,485,486
537,426,477,454,455,452,465,460,465,467,472,469,472,472,475,476,477,477,482,477,481,480,482,483,486
538,433,480,457,454,452,464,460,466,466,469,467,474,473,481,479,474,473,474,477,481,477,483,480,482
539,439,482,464,461,463,467,467,471,475,473,478,476,478,479,479,484,486,480,484,482,481,486,486,488
540,447,482,460,457,464,462,457,474,471,471,474,477,473,476,481,478,484,484,484,484,487,487,488,486
541,436,481,461,448,458,461,462,466,465,467,468,473,468,474,479,476,477,477,481,483,483,478,484,485
542,437,478,464,461,455,465,459,472,469,467,470,478,478,482,481,482,479,482,484,481,483,489,487,491
543,431,484,460,458,455,459,460,470,470,471,477,473,477,480,480,478,482,480,483,485,482,482,485,492
544,445,489,469,460,463,468,467,470,472,475,473,477,481,483,485,483,485,485,487,487,488,485,490,489
545,423,481,465,462,461,469,464,472,472,478,475,475,478,475,478,485,485,486,483,490,486,489,485,490
546,432,488,466,453,456,466,466,481,474,479,476,478,481,479,481,485,486,485,486,488,486,491,491,495
547,440,479,476,462,470,474,468,476,477,480,484,480,486,482,483,488,487,490,489,493,490,492,489,495
548,443,481,478,474,474,475,476,468,475,483,484,484,481,484,491,487,488,490,484,491,495,493,494,495
549,436,494,468,461,463,472,471,478,478,481,479,488,483,486,488,487,484,484,491,495,490,493,493,492
550,438,487,467,465,467,476,478,480,477,480,488,482,485,488,488,489,490,486,491,495,491,497,496,493
551,445,494,473,465,472,481,480,481,484,480,486,490,488,494,488,494,493,496,490,495,494,497,499,499
552,439,489,466,460,471,476,477,478,474,487,488,484,485,486,489,493,488,489,490,496,495,497,497,496
553,439,489,469,467,467,472,473,474,477,476,482,483,485,486,487,487,490,492,488,494,495,495,494,495
554,436,485,481,466,469,476,476,478,478,482,484,485,488,489,485,491,491,490,496,493,497,497,496,499
555,450,493,474,471,475,480,476,482,480,486,490,488,492,493,493,492,495,491,494,499,496,500,499,503
556,441,494,474,463,469,477,479,480,484,486,484,491,490,490,490,493,490,494,497,499,497,497,500,500
557,453,498,481,471,476,477,481,484,480,490,492,492,495,493,495,494,496,499,496,498,496,502,498,502
558,447,492,471,466,466,478,476,483,487,485,485,488,492,491,488,494,496,496,496,499,498,501,499,502
559,445,496,476,474,475,487,481,487,491,484,491,493,494,499,495,502,496,499,500,500,502,504,506,503
560,457,505,478,470,477,484,483,487,489,488,490,496,490,500,496,494,495,502,497,495,502,497,504,500
561,441,505,482,470,481,486,488,485,487,492,494,493,491,495,505,499,499,499,500,499,501,505,504,505
562,449,496,483,477,478,478,487,491,490,487,493,492,498,499,499,497,508,500,500,500,503,501,508,505
563,457,497,485,482,478,478,484,483,492,492,495,491,501,496,498,498,501,501,504,504,506,506,505,502
564,433,499,479,478,475,484,480,484,488,488,487,492,489,493,499,495,499,498,499,503,503,509,506,505
565,456,501,492,483,477,483,486,493,492,490,494,494,493,499,502,502,503,502,500,501,501,505,506,507
566,463,504,488,487,487,482,493,497,498,498,500,497,500,497,498,506,506,505,508,508,510,506,508,513
567,469,504,484,479,478,489,488,488,494,495,497,500,495,499,506,505,500,504,509,506,506,504,510,508
568,449,500,484,484,481,497,491,486,493,497,500,497,498,502,504,503,505,507,503,505,505,506,508,509
569,469,504,485,482,478,489,487,492,495,496,494,498,499,500,499,504,504,503,505,509,508,505,510,510
570,462,504,486,479,476,495,490,489,491,493,496,496,499,503,505,505,504,500,505,506,508,509,514,512
571,455,511,494,476,482,490,490,490,499,499,501,500,502,505,506,505,507,509,510,508,512,509,510,511
572,455,513,483,481,486,494,494,496,496,498,502,503,501,502,505,507,505,512,510,508,512,513,513,513
573,455,502,481,477,479,483,491,489,498,494,494,502,500,503,499,504,506,503,507,505,513,510,511,511
574,449,512,499,480,485,494,499,494,500,499,496,507,495,501,505,511,503,507,514,511,514,513,514,515
575,454,504,486,485,493,493,491,498,503,503,504,500,504,508,515,513,512,513,512,513,516,514,518,512
576,469,510,494,483,494,494,496,505,497,498,501,504,507,507,512,508,510,508,509,513,512,513,515,516
577,464,512,505,482,491,497,491,499,499,503,506,509,510,501,509,514,515,511,510,515,518,516,518,511
578,469,501,497,492,495,500,495,502,507,505,502,507,503,508,513,511,516,507,511,518,519,519,521,521
579,442,504,487,481,485,492,488,498,501,498,497,508,506,510,510,504,511,517,511,510,512,514,513,517
580,457,517,495,485,489,492,492,494,501,506,511,511,505,511,512,511,514,513,511,515,511,521,520,520
581,460,519,494,488,485,497,498,500,500,503,506,508,505,513,513,518,516,517,514,518,517,521,524,523
582,466,513,490,486,497,501,498,507,503,504,509,507,507,513,514,520,514,513,520,521,522,520,521,523
583,457,519,497,491,494,504,498,504,496,504,512,505,510,512,512,516,516,515,519,521,519,519,520,522
584,468,518,503,492,489,506,499,507,506,513,512,516,518,514,515,520,521,522,520,522,523,525,523,527
585,479,517,502,496,501,505,501,503,508,508,508,512,513,517,516,520,518,517,519,519,522,522,528,523
586,469,529,502,496,492,502,506,508,508,513,509,513,514,519,522,519,519,523,518,525,522,527,525,525
587,462,522,499,488,500,507,494,506,506,511,511,514,511,512,520,517,517,524,521,520,520,519,525,527
588,475,529,509,497,493,504,502,502,515,510,518,514,515,517,522,520,522,523,523,526,526,526,528,529
589,469,518,504,498,499,503,497,504,507,504,510,511,512,514,519,522,520,521,521,522,522,524,525,528
590,481,528,505,507,495,511,514,505,516,515,519,517,519,520,524,528,525,527,530,524,530,530,526,528
591,473,530,502,500,499,510,506,510,514,515,529,513,519,523,524,524,524,531,526,528,529,530,524,527
592,474,522,502,496,496,508,501,505,511,509,513,517,517,521,517,528,521,522,522,526,527,527,527,527
593,474,522,506,500,507,513,508,507,516,517,518,518,523,528,529,526,526,531,529,527,533,531,530,533
594,488,524,504,501,497,514,512,511,520,517,520,521,523,531,525,528,534,532,526,529,534,531,534,537
595,474,525,510,500,500,512,512,513,520,522,522,520,522,522,526,530,527,529,528,533,527,532,534,535
596,477,526,508,504,500,509,506,517,511,515,518,520,521,521,523,525,529,533,532,526,531,528,529,533
597,476,524,505,501,493,517,509,505,514,517,517,521,521,523,530,528,527,527,525,529,534,531,532,532
598,480,528,516,508,513,519,512,512,518,518,522,524,526,523,530,536,531,534,534,532,532,532,537,534
599,476,532,513,509,504,514,510,511,517,518,524,522,523,533,533,537,530,530,536,533,530,536,537,536
600,490,518,508,505,509,522,515,523,522,517,522,521,525,528,531,528,531,529,533,531,538,534,538,538
601,482,540,516,508,512,518,513,519,523,524,527,526,529,532,531,534,533,531,535,534,537,537,536,539
602,494,538,513,506,512,523,518,523,522,524,525,530,529,533,535,533,540,537,536,537,538,536,539,540
603,483,536,517,502,507,518,516,515,515,528,529,526,526,533,534,540,534,536,532,537,538,541,543,542
604,495,542,515,511,508,515,519,520,524,524,523,528,528,533,531,532,534,534,536,535,538,541,541,540
605,492,542,520,512,514,522,515,521,525,525,531,525,529,533,536,535,535,537,539,536,540,542,541,539
606,476,541,511,508,502,513,516,518,515,521,526,528,520,527,532,535,536,533,535,542,542,539,536,536
607,492,541,521,508,515,522,527,525,526,528,537,530,531,537,534,539,541,536,541,541,544,541,549,545
608,493,541,526,516,517,524,521,527,531,527,532,534,534,536,537,539,538,540,540,539,545,542,546,546
609,503,548,520,515,513,524,525,526,530,528,531,534,534,539,539,544,540,542,544,546,547,543,549,549
610,479,549,531,513,517,526,523,527,526,529,533,537,538,538,539,543,545,543,543,546,546,548,545,549
611,500,537,521,520,512,522,519,523,528,526,530,533,531,532,536,540,536,538,542,542,543,547,542,544
612,495,544,527,511,517,525,526,530,534,533,534,541,540,538,538,543,544,543,542,543,544,548,550,547
613,483,551,525,516,512,528,525,526,530,531,539,538,537,537,544,546,543,546,544,547,547,546,550,550
614,496,548,518,515,521,526,525,529,531,531,541,538,544,542,547,546,546,548,548,546,548,549,551,553
615,489,549,533,522,521,531,532,533,535,532,537,537,543,541,541,545,546,545,545,550,550,553,552,554
616,492,545,535,519,513,524,525,528,535,529,536,540,537,545,541,544,550,547,536,546,549,554,556,551
617,487,553,527,523,527,535,534,532,539,529,540,541,546,543,547,546,547,548,550,548,548,553,549,554
618,479,544,535,516,521,524,532,524,536,532,540,532,544,541,540,547,543,545,547,547,552,552,554,548
619,504,550,530,527,514,535,531,527,532,541,536,543,540,540,548,548,550,550,549,547,551,555,552,550
620,492,551,532,517,520,526,536,525,537,539,537,537,546,544,541,546,546,548,550,551,550,553,554,552
621,505,548,531,521,519,536,531,539,539,545,548,540,549,549,544,548,554,554,553,552,554,555,556,557
622,496,549,527,534,524,537,531,536,537,538,542,542,545,546,551,551,554,548,555,552,557,556,557,561
623,505,561,527,523,524,538,536,543,538,541,542,544,550,547,547,549,547,554,552,554,555,558,555,562
624,499,553,532,521,521,537,530,534,541,547,547,539,546,543,550,549,552,556,553,550,552,557,556,558
625,500,554,536,524,527,536,534,540,539,544,544,547,545,545,551,552,555,556,557,553,553,561,557,557
626,504,551,533,523,521,533,536,528,539,540,548,543,547,551,552,548,555,549,554,550,558,561,562,556
627,509,568,535,527,523,539,539,536,544,544,546,548,551,549,548,556,559,559,562,556,558,558,562,564
628,497,560,538,519,523,535,536,530,537,538,545,546,546,549,547,551,555,558,556,557,558,559,556,563
629,507,560,534,533,533,536,538,540,546,544,549,546,545,550,553,557,558,557,560,558,559,558,559,561
630,484,560,539,528,529,533,537,541,550,543,545,552,551,554,555,552,556,556,557,556,559,561,561,566
631,503,570,541,530,534,540,550,541,550,557,556,557,554,553,554,561,563,561,563,561,567,562,567,568
632,520,559,543,532,531,545,543,546,550,550,551,553,555,554,558,558,563,565,562,564,567,567,570,570
633,508,560,549,533,532,541,540,536,548,550,556,545,556,556,560,562,559,564,567,560,558,570,566,560
634,507,557,546,530,529,547,544,551,547,552,555,552,557,555,566,553,565,562,561,562,566,563,569,568
635,512,562,541,532,532,545,545,538,547,547,550,548,554,559,558,560,559,564,560,561,560,562,565,571
636,511,559,545,532,538,556,542,548,556,550,554,558,562,562,563,560,568,567,562,568,565,569,569,567
637,492,567,533,538,525,538,534,538,541,542,552,551,558,548,560,560,563,558,563,564,559,562,573,564
638,525,573,544,533,537,548,540,554,557,549,562,555,560,557,564,565,567,567,569,572,564,570,569,574
639,496,557,544,534,532,544,537,545,549,548,555,559,561,556,558,559,561,564,561,560,564,567,568,568
640,520,569,547,532,536,556,549,555,557,558,556,555,563,558,562,565,567,566,564,568,572,570,569,574
641,515,569,549,547,547,551,547,554,551,555,561,557,564,562,564,567,565,571,558,568,570,575,575,579
642,517,568,546,546,541,553,554,546,555,557,554,563,559,557,565,569,570,571,570,569,574,572,567,577
643,514,576,557,546,536,553,556,555,561,555,561,562,561,566,564,571,572,567,565,569,570,575,572,573
644,521,579,550,534,540,545,552,548,564,550,555,563,559,565,564,565,572,570,572,569,571,575,574,570
645,513,562,560,536,544,549,554,548,555,562,565,565,563,561,569,571,567,574,572,575,574,575,579,577
646,521,571,557,546,535,550,548,549,564,557,562,565,564,565,565,573,571,574,573,577,574,575,572,575
647,528,568,554,549,548,552,550,549,561,561,564,564,568,567,570,567,577,572,572,572,577,570,577,577
648,506,588,551,554,548,564,562,557,564,563,566,574,567,568,572,578,577,572,572,579,579,579,587,583
649,525,576,545,545,537,552,550,551,559,555,565,561,564,564,568,565,566,572,573,573,576,573,573,576
650,534,584,563,555,553,566,561,566,572,571,573,570,572,578,578,577,581,588,585,584,583,584,589,584
651,518,579,570,545,559,575,562,567,568,570,570,574,575,579,578,580,581,581,586,582,581,579,583,587
652,522,592,558,551,547,558,557,558,559,573,570,569,572,572,573,575,575,577,578,574,579,584,579,583
653,534,578,550,547,545,557,559,560,562,565,568,568,565,569,577,572,576,577,579,578,582,582,583,580
654,524,585,559,559,559,557,560,562,567,566,570,571,573,576,577,575,577,580,579,579,585,584,582,583
655,519,586,564,556,556,563,558,564,566,567,573,572,572,575,573,577,584,581,578,580,579,585,586,581
656,522,582,560,554,556,561,557,564,565,563,570,566,573,574,575,580,580,576,579,577,580,584,583,588
657,518,583,555,549,550,566,555,561,563,567,574,571,571,568,572,577,582,578,580,579,582,582,581,585
658,537,578,556,553,553,565,560,565,574,569,565,576,577,578,580,582,584,584,578,583,587,588,588,587
659,532,590,555,555,557,567,564,570,573,569,577,578,580,581,584,583,582,587,585,587,589,586,592,590
660,528,597,560,556,550,561,562,569,571,570,568,576,575,580,575,579,576,590,581,587,587,583,589,592
661,531,592,556,564,558,570,565,567,578,580,571,575,579,581,583,581,587,585,591,585,592,590,594,594
662,539,591,573,566,566,577,572,575,583,580,582,579,588,586,592,588,590,587,592,595,588,598,593,593
663,530,588,560,562,554,568,565,565,577,575,581,577,578,574,579,588,588,593,585,590,589,590,591,592
664,541,599,571,558,571,573,567,570,579,577,584,581,587,589,588,588,589,588,589,594,594,593,593,594
665,538,589,574,555,559,563,575,569,571,573,573,586,579,580,586,584,588,588,587,594,590,595,589,594
666,520,589,566,553,556,574,568,576,578,575,573,580,583,582,588,585,586,589,592,591,593,591,592,593
667,547,594,575,553,560,570,575,574,578,581,583,584,585,580,588,589,589,594,586,590,592,591,594,593
668,531,594,576,564,565,571,566,574,578,583,577,583,581,584,586,583,594,592,592,597,594,594,593,593
669,545,592,584,569,569,578,572,571,581,577,585,587,587,582,592,594,592,593,592,599,599,593,597,599
670,530,588,565,562,561,572,578,571,576,576,580,584,585,589,594,591,589,589,593,595,595,594,598,599
671,542,600,568,556,563,565,575,564,577,576,583,582,585,582,582,580,591,596,594,594,593,593,595,599
672,540,596,571,558,559,572,564,574,586,576,577,587,586,591,589,588,588,596,600,597,596,594,592,600
673,543,594,573,560,560,575,570,574,585,584,594,583,591,590,589,590,592,592,593,599,599,597,598,603
674,538,604,577,564,561,574,578,574,587,584,588,584,590,588,593,593,594,596,599,602,602,597,601,603
675,537,605,585,570,564,572,570,573,583,583,579,584,590,592,588,593,597,595,601,595,600,603,602,603
676,556,598,576,577,558,579,576,575,586,583,586,584,591,590,587,581,597,598,597,596,599,599,601,600
677,547,599,579,570,571,575,569,586,578,588,587,588,590,595,593,596,597,596,598,606,603,601,604,605
678,557,607,577,571,566,584,587,581,589,591,588,602,592,597,599,598,602,606,603,605,606,608,609,606
679,543,603,582,571,569,579,578,580,582,587,587,595,594,595,592,592,597,601,601,602,601,600,606,604
680,536,607,579,562,567,585,581,581,588,588,592,590,598,594,599,601,602,600,602,604,602,603,608,607
681,546,602,582,574,578,590,584,583,592,590,590,591,592,595,595,603,601,606,603,602,610,608,611,606
682,551,610,591,574,566,596,585,585,588,587,600,593,596,594,602,595,603,605,608,607,612,608,611,611
683,548,612,581,570,568,574,579,578,586,586,588,587,592,595,588,598,596,595,604,602,605,608,604,604
684,550,606,578,576,579,582,589,588,589,590,594,598,603,598,597,599,604,606,607,608,608,605,611,610
685,563,610,591,579,568,587,590,589,586,598,597,603,597,600,602,604,609,609,608,614,609,617,610,616
686,553,611,585,576,574,585,586,584,594,590,601,605,595,598,603,606,611,609,609,611,613,609,611,612
687,566,617,591,572,581,580,576,584,590,588,594,594,597,598,599,601,604,602,605,606,613,607,605,603
688,563,612,589,580,579,593,585,588,598,593,600,602,605,599,606,605,607,608,617,616,612,617,619,615
689,565,606,592,589,580,590,587,590,588,597,603,602,605,607,602,605,614,605,613,617,608,615,616,612
690,559,617,592,579,572,590,584,581,597,598,596,594,599,601,607,608,608,613,609,609,609,613,615,613
691,554,624,590,576,575,585,584,593,596,595,604,599,601,600,603,604,609,609,612,616,611,615,616,617
692,554,616,593,585,585,581,586,594,599,595,594,602,607,603,608,608,609,609,615,614,614,617,618,616
693,539,624,596,591,572,584,587,589,596,597,592,601,604,603,608,606,612,609,613,615,615,613,613,620
694,545,614,590,586,589,596,595,593,601,602,601,605,609,612,606,607,617,615,614,612,615,619,617,621
695,550,619,598,579,580,591,594,592,600,608,606,608,607,608,614,607,614,608,618,621,620,622,616,620
696,567,613,589,588,583,586,590,598,597,601,603,606,606,608,610,613,612,616,614,617,616,615,614,621
697,544,616,591,589,585,594,588,590,596,594,605,607,609,606,608,608,612,613,615,611,610,619,618,621
698,567,621,599,592,586,603,591,592,608,605,612,607,613,613,610,614,616,615,618,618,616,621,624,620
699,554,623,596,585,593,590,595,594,603,597,606,609,608,615,614,609,613,616,625,624,618,620,624,622
700,571,625,607,590,591,603,595,598,610,614,615,613,622,615,626,618,618,620,630,621,624,627,625,628
701,567,614,589,587,590,593,601,600,605,614,603,610,604,614,615,610,613,616,622,621,623,624,622,627
702,572,621,614,585,596,609,608,611,612,610,614,612,614,619,620,629,622,621,624,626,625,632,633,631
703,566,616,612,588,585,608,595,603,595,604,603,614,613,612,615,621,621,619,618,616,616,627,627,624
704,562,626,594,580,588,602,599,607,608,611,613,615,614,617,614,616,621,621,629,624,624,620,623,624
705,583,625,598,593,600,598,600,601,610,606,604,610,609,618,613,616,623,625,618,622,623,629,623,626
706,580,622,596,594,591,602,604,598,611,610,617,611,614,619,614,620,621,625,626,630,627,624,628,625
707,557,628,598,591,589,602,608,601,607,606,616,619,612,611,615,618,627,624,624,630,627,626,626,631
708,568,629,609,604,598,604,598,602,613,604,610,610,619,617,618,622,623,625,625,626,622,629,629,628
709,554,634,609,600,590,608,606,608,613,610,613,617,620,622,621,619,626,626,625,629,630,629,631,629
710,564,638,607,595,603,608,610,609,613,620,620,621,625,625,625,626,628,627,634,634,636,631,638,634
711,568,629,609,590,595,612,608,606,605,613,619,613,620,619,620,621,630,627,634,631,630,631,635,629
712,568,638,603,602,598,602,608,613,615,617,611,621,617,623,623,627,634,631,634,633,633,630,632,637
713,567,634,613,606,596,614,605,613,613,617,614,622,624,623,626,620,629,631,632,632,630,637,636,639
714,562,631,609,602,596,601,597,598,606,610,617,619,616,618,623,614,620,625,629,629,630,632,631,629
715,571,638,607,602,595,617,607,607,613,613,619,623,624,628,625,627,627,630,632,632,635,639,632,637
716,556,644,608,598,601,609,612,611,621,614,620,625,626,631,627,625,631,638,635,637,638,635,634,635
717,571,646,614,613,597,607,614,613,615,621,625,624,627,626,631,628,628,631,640,635,637,638,639,639
718,573,640,613,607,604,627,615,611,623,619,620,628,625,633,629,630,637,635,642,639,637,640,641,648
719,585,639,610,601,611,608,610,610,620,624,619,627,629,626,629,631,635,632,636,641,638,641,639,637
720,583,642,611,600,607,611,612,614,616,623,620,625,627,629,632,630,631,634,636,636,636,641,638,642
721,565,638,617,601,599,609,614,609,614,618,622,625,624,629,627,629,635,633,634,639,635,639,631,636
722,582,647,619,610,609,622,619,620,625,628,629,631,635,632,636,636,640,640,637,637,641,644,638,647
723,581,640,621,606,609,617,621,620,621,623,623,628,627,634,634,635,636,635,643,639,641,644,643,645
724,573,650,620,614,611,622,622,620,618,619,626,629,639,638,632,634,639,639,635,645,641,640,644,638
725,574,638,617,607,609,613,613,619,626,625,629,629,634,636,636,639,645,638,643,638,649,649,647,648
726,577,650,619,601,606,614,618,611,611,614,615,626,625,628,631,630,637,638,636,639,640,649,640,637
727,578,650,621,612,606,626,629,610,625,626,629,626,633,627,637,634,637,643,644,641,649,641,644,649
728,552,640,614,612,601,611,622,620,624,628,634,635,633,638,638,637,636,641,644,642,640,645,645,647
729,585,645,621,608,612,619,616,621,626,624,630,628,632,637,636,637,638,641,643,647,648,648,646,650
730,596,641,621,617,615,626,628,624,628,626,634,638,638,635,638,644,643,645,649,641,646,643,648,651
731,580,651,616,609,615,620,625,619,636,631,626,634,639,636,632,642,649,641,642,647,646,650,647,651
732,588,655,612,617,609,627,628,611,623,627,637,630,635,634,636,642,645,643,647,647,655,651,653,650
733,597,654,637,628,613,622,634,625,632,638,638,639,647,644,651,640,641,648,656,652,653,651,659,659
734,585,648,634,620,614,624,620,619,633,631,631,638,638,641,637,640,648,645,647,648,649,648,654,654
735,591,641,634,608,618,631,637,629,638,637,646,634,648,641,643,652,648,652,649,651,655,652,657,654
736,590,656,632,615,621,628,632,633,638,638,642,642,642,643,642,647,646,656,653,652,653,654,655,655
737,601,647,635,617,613,624,629,636,634,639,637,644,637,642,646,648,648,649,652,652,652,653,657,654
738,590,660,635,613,612,636,622,628,640,634,638,635,644,648,643,648,650,655,663,652,655,655,658,654
739,601,659,628,610,616,625,625,627,632,628,642,641,643,646,642,644,650,656,650,652,651,654,655,652
740,586,655,630,616,611,624,623,624,632,633,631,638,638,645,645,648,646,646,651,651,657,654,654,657
741,597,647,622,618,613,629,624,623,640,638,627,634,636,648,645,648,649,647,649,650,657,656,656,655
742,606,657,636,624,630,626,633,638,638,640,648,645,653,648,653,656,655,658,658,660,658,660,663,654
743,598,667,645,632,623,635,639,630,640,641,644,646,654,651,654,655,657,660,659,664,663,659,663,661
744,588,665,632,629,617,641,638,637,646,644,644,645,644,647,658,651,656,663,660,662,663,662,662,664
745,595,659,630,619,609,629,636,629,635,640,640,645,644,647,649,645,650,652,655,654,657,658,659,658
746,603,658,643,625,626,632,633,631,643,640,643,653,656,657,652,652,656,659,661,658,665,661,660,666
747,601,666,634,625,641,642,644,641,644,646,647,649,656,663,657,658,656,660,668,667,660,663,665,667
748,616,674,637,623,622,630,643,635,642,641,648,654,654,657,658,657,657,660,657,664,666,662,665,665
749,599,666,634,618,618,635,641,639,641,649,646,652,652,654,656,659,654,662,660,665,663,665,661,663
750,619,661,636,628,619,637,642,633,643,647,643,651,649,654,660,655,660,661,663,662,662,662,661,663
751,606,664,637,630,626,630,631,635,645,649,649,654,656,656,657,661,668,659,664,663,670,662,663,665
752,573,678,639,629,633,645,647,646,648,641,650,654,653,653,659,665,662,667,664,668,662,669,672,669
753,603,673,642,634,635,639,645,641,647,652,652,656,648,662,661,659,661,667,664,667,669,669,670,666
754,608,664,636,634,637,639,643,644,647,655,654,653,652,660,658,662,660,662,663,665,662,666,666,669
755,614,666,643,640,632,646,643,646,651,648,648,652,655,659,658,657,664,665,670,668,669,667,671,668
756,622,676,656,651,633,652,653,655,650,659,657,661,656,660,656,659,668,664,678,672,680,675,668,680
757,624,677,631,632,624,641,646,642,656,656,658,653,654,663,661,652,662,664,675,668,673,670,670,666
758,614,675,648,646,639,643,646,648,653,656,659,661,655,665,666,666,672,672,670,674,676,674,677,677
759,617,674,643,635,628,641,647,647,655,655,655,660,658,665,661,664,674,667,673,667,676,671,669,680
760,584,670,646,631,635,649,650,648,656,651,651,657,660,666,658,660,667,667,674,675,674,673,670,676
761,613,681,657,642,627,633,643,654,641,649,654,658,659,664,659,670,663,671,672,674,674,670,679,672
762,628,675,640,635,635,647,651,646,653,655,660,659,661,661,664,667,667,668,670,669,678,669,674,676
763,617,664,639,635,633,651,662,655,652,669,665,663,657,669,672,672,672,672,679,674,674,680,677,681
764,625,677,658,647,640,635,650,653,651,658,654,661,656,663,664,671,665,674,674,672,673,670,680,676
765,604,674,655,651,633,652,648,651,663,662,658,659,660,667,665,671,666,673,677,677,677,678,678,682
766,619,685,661,635,631,639,638,662,657,660,661,666,665,665,667,667,672,673,677,682,678,683,689,675
767,634,685,652,647,633,660,655,653,659,667,661,667,666,667,672,670,679,682,679,677,679,685,683,685
768,611,664,645,634,632,652,657,649,650,656,650,661,659,662,668,669,669,668,668,677,675,674,681,682
769,626,680,652,647,639,661,666,659,666,655,663,663,666,664,662,674,678,674,676,680,680,680,683,682
770,631,679,647,642,647,645,650,651,658,665,656,662,669,665,678,668,674,680,676,680,680,682,678,683
771,606,694,672,654,655,664,655,660,650,664,668,667,669,680,672,681,672,677,679,690,680,683,686,688
772,615,702,660,633,643,649,658,655,661,659,668,668,670,677,671,678,680,680,677,685,682,688,686,690
773,618,679,654,634,640,664,655,661,664,665,669,660,671,670,678,682,673,685,680,689,686,678,683,693
774,624,691,659,651,638,653,661,657,664,664,670,665,670,669,670,672,685,680,683,679,684,686,683,686
775,619,678,659,643,647,660,647,663,664,663,661,660,672,672,679,679,678,677,677,683,685,679,684,691
776,625,689,674,650,654,662,670,658,666,670,666,672,678,678,679,680,684,681,686,688,686,686,688,691
777,634,701,662,650,656,660,672,670,669,674,670,680,679,681,685,681,679,678,690,687,683,692,690,693
778,630,703,650,652,642,648,670,661,660,666,661,668,671,665,677,677,681,677,683,686,690,691,684,694
779,637,695,661,661,647,663,667,661,670,677,666,682,668,681,681,688,684,684,684,694,690,693,695,691
780,623,701,664,636,650,643,656,650,655,660,656,667,679,672,675,678,676,675,679,681,684,690,690,685
781,625,696,674,653,663,659,663,662,681,670,678,675,678,681,680,685,681,695,684,685,687,691,693,696
782,628,702,674,654,653,651,666,663,669,664,667,676,676,676,681,689,675,679,683,699,689,692,686,690
783,619,706,679,657,655,667,655,655,674,672,676,676,690,684,684,678,683,688,696,691,691,694,692,696
784,638,686,673,661,664,659,671,677,673,681,678,687,681,686,693,685,691,698,691,695,701,699,694,700
785,613,702,663,655,649,643,662,652,669,668,667,668,673,685,678,676,680,682,681,698,683,692,690,688
786,646,699,665,657,653,653,664,670,683,673,685,681,686,685,689,687,682,697,686,694,689,698,703,700
787,630,693,650,658,646,654,670,668,657,674,686,666,677,678,682,685,687,684,683,690,693,695,688,693
788,654,701,672,663,658,652,676,663,670,678,681,685,682,684,685,686,687,693,694,697,695,702,696,699
789,634,694,662,645,647,650,662,664,666,670,675,672,675,679,674,683,689,679,678,691,699,697,697,695
790,649,703,674,660,654,660,687,668,669,679,684,686,682,689,692,693,693,696,692,691,695,697,710,702
791,646,688,645,668,635,659,672,687,689,666,687,688,668,671,689,689,682,687,698,699,705,680,699,697
792,647,700,680,674,661,669,681,680,668,687,687,682,690,694,697,700,695,696,701,699,703,701,708,704
793,635,707,669,660,665,675,684,660,682,665,680,683,686,691,702,696,692,686,693,702,697,706,702,701
794,658,694,663,643,658,667,658,668,686,684,677,676,696,684,685,680,701,694,697,699,714,705,702,701
795,658,717,684,691,671,673,691,687,690,691,688,687,692,703,698,698,703,703,713,702,709,709,705,709
796,665,708,677,670,661,665,668,673,681,678,686,683,686,688,694,692,698,690,699,703,702,700,701,703
797,621,707,686,663,658,659,667,674,661,680,671,697,682,687,694,687,688,706,695,699,693,703,708,698
798,646,704,685,661,660,673,684,667,669,685,681,692,694,684,702,699,686,693,702,702,698,704,703,704
799,663,702,672,679,667,671,692,683,677,682,689,689,693,703,691,697,690,700,695,702,706,707,703,712
800,649,700,688,660,687,660,687,697,701,690,704,702,687,702,695,704,696,702,713,717,708,713,706,699
801,630,732,682,670,664,693,692,680,690,705,691,691,708,692,700,703,700,712,712,710,720,714,720,719
802,654,717,685,676,663,661,671,686,670,688,675,687,687,697,685,691,681,689,686,694,703,715,712,713
803,648,698,683,687,673,699,685,695,694,695,688,705,697,703,707,707,700,698,702,708,713,713,719,719
804,635,718,703,662,682,673,688,690,688,702,691,697,704,698,705,709,699,712,710,712,702,710,716,720
805,639,679,674,670,668,693,684,689,690,687,691,716,703,711,703,714,715,714,722,730,703,719,708,706
806,649,728,689,651,677,691,696,684,697,695,696,689,703,696,707,703,714,701,693,705,714,725,719,717
807,652,682,705,649,682,676,676,680,707,688,700,684,694,703,699,718,710,701,705,713,699,717,720,718
808,653,722,710,679,679,673,692,693,678,698,692,696,703,697,704,697,699,710,713,707,709,708,714,715
809,675,729,688,661,660,681,683,684,663,714,703,693,715,697,686,707,696,694,718,717,716,710,705,714
810,663,735,712,661,683,685,670,689,701,714,706,693,719,688,725,710,722,724,715,714,716,713,725,719
811,638,710,696,675,669,674,690,685,701,692,682,683,702,704,695,699,703,701,699,710,704,710,716,707
812,615,710,634,686,642,693,683,641,686,710,674,706,714,697,695,685,703,709,708,689,709,719,715,707
813,660,728,663,696,684,689,699,697,689,710,715,697,709,710,725,702,707,723,710,717,723,723,733,725
814,626,735,716,675,667,683,693,687,708,716,704,709,705,705,712,706,708,709,724,712,716,715,720,719
815,676,724,712,672,690,687,693,664,694,684,728,714,687,736,730,700,717,731,734,743,723,718,711,703
816,673,730,712,659,690,717,706,737,715,709,737,708,712,715,736,731,724,718,734,741,741,749,731,731
817,663,743,698,667,680,684,679,697,677,693,685,689,694,675,681,707,711,721,710,723,706,718,706,715
818,689,717,699,667,678,649,674,707,663,702,712,686,685,707,714,704,701,680,708,701,718,722,697,717
819,549,727,688,717,704,675,729,702,714,705,713,696,666,713,692,700,704,711,693,701,743,735,707,708
821,651,703,710,713,740,704,680,722,746,706,740,696,675,750,734,734,713,728,740,739,726,752,743,740
822,590,720,675,673,677,702,685,697,683,706,711,710,693,722,708,711,709,721,739,712,701,719,733,715
823,660,731,690,726,673,673,699,706,694,732,741,702,737,728,735,733,722,729,738,720,716,757,715,741
826,720,769,741,655,738,689,715,699,702,706,723,680,689,713,719,739,735,761,745,733,731,721,730,724
